Rk,G,Playoffs,Series,Tm,Opp,G#,Score,GS,MP,FG,FGA,FG%,3P,3PA,3P%,FT,FTA,FT%,ORB,DRB,TRB,AST,STL,BLK,TOV,PF,PTS,GmSc,+/-',Year
1,1,2006-04-22,EC1,CLE,WAS,1,W (+11),1,48:00:00,12,27,0.444,1,4,0.25,7,11,0.636,3,8,11,11,0,0,4,3,32,23.3,11,2006
2,2,2006-04-25,EC1,CLE,WAS,2,L (-5),1,43:28:00,7,25,0.28,1,6,0.167,11,15,0.733,2,7,9,2,2,3,10,5,26,6.7,-2,2006
3,3,2006-04-28,EC1,CLE,WAS,3,W (+1),1,47:37:00,16,28,0.571,3,5,0.6,6,9,0.667,1,4,5,3,2,0,4,3,41,27.4,1,2006
4,4,2006-04-30,EC1,CLE,WAS,4,L (-10),1,45:20:00,13,23,0.565,7,12,0.583,5,7,0.714,1,5,6,5,0,0,7,5,38,23,-16,2006
5,5,2006-05-03,EC1,CLE,WAS,5,W (+1),1,46:07:00,14,23,0.609,0,1,0,17,18,0.944,5,2,7,6,2,0,4,5,45,38.4,-4,2006
6,6,2006-05-05,EC1,CLE,WAS,6,W (+1),1,53:00:00,15,25,0.6,1,6,0.167,1,3,0.333,0,7,7,7,2,1,5,4,32,22.8,1,2006
7,7,2006-05-07,ECS,CLE,DET,1,L (-27),1,36:00:00,9,18,0.5,2,5,0.4,2,2,1,1,3,4,4,0,0,4,3,22,12.2,-31,2006
8,8,2006-05-09,ECS,CLE,DET,2,L (-6),1,47:32:00,11,23,0.478,2,5,0.4,6,8,0.75,2,12,14,7,0,0,3,4,30,22.8,-4,2006
9,9,2006-05-13,ECS,CLE,DET,3,W (+9),1,48:00:00,9,18,0.5,1,4,0.25,2,2,1,0,10,10,10,4,1,4,2,21,21.9,9,2006
10,10,2006-05-15,ECS,CLE,DET,4,W (+2),1,48:00:00,8,23,0.348,1,2,0.5,5,10,0.5,1,7,8,9,2,2,8,3,22,10.4,2,2006
11,11,2006-05-17,ECS,CLE,DET,5,W (+2),1,46:50:00,13,30,0.433,1,4,0.25,5,7,0.714,3,2,5,5,2,1,2,3,32,21.1,2,2006
12,12,2006-05-19,ECS,CLE,DET,6,L (-2),1,47:50:00,8,20,0.4,1,5,0.2,15,18,0.833,0,11,11,5,1,1,7,2,32,20.7,-2,2006
13,13,2006-05-21,ECS,CLE,DET,7,L (-18),1,46:45:00,11,24,0.458,0,4,0,5,8,0.625,3,5,8,2,1,0,3,2,27,15.6,-16,2006
14,1,2007-04-22,EC1,CLE,WAS,1,W (+15),1,44:19:00,7,14,0.5,0,2,0,9,11,0.818,2,7,9,7,2,0,1,1,23,24.2,17,2007
15,2,2007-04-25,EC1,CLE,WAS,2,W (+7),1,45:00:00,8,22,0.364,0,3,0,11,13,0.846,4,4,8,7,1,2,2,2,27,22.5,12,2007
16,3,2007-04-28,EC1,CLE,WAS,3,W (+6),1,46:02:00,11,22,0.5,3,5,0.6,5,7,0.714,0,6,6,9,1,0,2,3,30,24.1,6,2007
17,4,2007-04-30,EC1,CLE,WAS,4,W (+7),1,46:11:00,8,22,0.364,1,5,0.2,14,17,0.824,3,8,11,7,3,1,2,3,31,27.5,12,2007
18,5,2007-05-06,ECS,CLE,NJN,1,W (+4),1,46:01:00,8,21,0.381,1,4,0.25,4,6,0.667,2,9,11,7,1,1,3,2,21,15.6,6,2007
19,6,2007-05-08,ECS,CLE,NJN,2,W (+10),1,45:49:00,12,24,0.5,3,7,0.429,9,13,0.692,0,1,1,12,3,0,2,2,36,31.3,8,2007
20,7,2007-05-12,ECS,CLE,NJN,3,L (-11),1,44:08:00,5,16,0.313,1,5,0.2,7,7,1,0,6,6,12,0,0,2,2,18,16.2,-12,2007
21,8,2007-05-14,ECS,CLE,NJN,4,W (+2),1,46:20:00,9,16,0.563,2,3,0.667,10,15,0.667,0,9,9,7,0,0,3,1,30,24.6,9,2007
22,9,2007-05-16,ECS,CLE,NJN,5,L (-11),1,42:47:00,5,14,0.357,0,2,0,10,11,0.909,3,6,9,5,2,1,5,4,20,15.3,-15,2007
23,10,2007-05-18,ECS,CLE,NJN,6,W (+16),1,38:53:00,8,20,0.4,1,5,0.2,6,9,0.667,1,7,8,8,1,0,2,4,23,16.8,26,2007
24,11,2007-05-21,ECF,CLE,DET,1,L (-3),1,45:22:00,5,15,0.333,0,0,,0,0,,1,9,10,9,4,1,2,1,10,13.5,-5,2007
25,12,2007-05-24,ECF,CLE,DET,2,L (-3),1,44:41:00,7,19,0.368,0,1,0,5,7,0.714,0,6,6,7,3,0,6,1,19,11,-6,2007
26,13,2007-05-27,ECF,CLE,DET,3,W (+6),1,46:07:00,12,21,0.571,2,3,0.667,6,9,0.667,1,8,9,9,2,0,3,2,32,28.5,6,2007
27,14,2007-05-29,ECF,CLE,DET,4,W (+4),1,44:17:00,8,19,0.421,1,5,0.2,8,9,0.889,0,7,7,11,3,0,3,0,25,24.3,-4,2007
28,15,2007-05-31,ECF,CLE,DET,5,W (+2),1,50:18:00,18,33,0.545,2,3,0.667,10,14,0.714,3,6,9,7,2,0,2,3,48,38.1,2,2007
29,16,2007-06-02,ECF,CLE,DET,6,W (+16),1,46:12:00,3,11,0.273,0,2,0,14,19,0.737,2,12,14,8,2,2,3,1,20,22.1,13,2007
30,17,2007-06-07,FIN,CLE,SAS,1,L (-9),1,44:00:00,4,16,0.25,2,6,0.333,4,4,1,1,6,7,4,1,1,6,1,14,5,-5,2007
31,18,2007-06-10,FIN,CLE,SAS,2,L (-11),1,38:00:00,9,21,0.429,0,2,0,7,11,0.636,3,4,7,6,1,0,6,3,25,13.6,-5,2007
32,19,2007-06-12,FIN,CLE,SAS,3,L (-3),1,41:59:00,9,23,0.391,0,5,0,7,8,0.875,0,8,8,7,2,1,5,3,25,15.9,4,2007
33,20,2007-06-14,FIN,CLE,SAS,4,L (-1),1,46:29:00,10,30,0.333,2,7,0.286,2,6,0.333,0,6,6,10,0,0,6,1,24,7.8,2,2007
34,1,2008-04-19,EC1,CLE,WAS,1,W (+7),1,41:25:00,12,19,0.632,0,2,0,8,14,0.571,0,6,6,4,1,2,1,1,32,26.7,9,2008
35,2,2008-04-21,EC1,CLE,WAS,2,W (+30),1,39:00:00,9,19,0.474,2,6,0.333,10,17,0.588,1,8,9,12,1,2,1,2,30,29.6,34,2008
36,3,2008-04-24,EC1,CLE,WAS,3,L (-36),1,35:57:00,10,19,0.526,0,4,0,2,4,0.5,0,7,7,3,1,1,4,3,22,12.6,-24,2008
37,4,2008-04-27,EC1,CLE,WAS,4,W (+3),1,44:23:00,11,25,0.44,3,8,0.375,9,14,0.643,2,10,12,7,2,0,5,5,34,23.2,3,2008
38,5,2008-04-30,EC1,CLE,WAS,5,L (-1),1,44:05:00,8,21,0.381,3,9,0.333,15,18,0.833,2,8,10,7,1,2,5,0,34,27.4,-3,2008
39,6,2008-05-02,EC1,CLE,WAS,6,W (+17),1,44:12:00,8,17,0.471,1,2,0.5,10,10,1,2,11,13,13,2,1,1,2,27,33,26,2008
40,7,2008-05-06,ECS,CLE,BOS,1,L (-4),1,38:49:00,2,18,0.111,0,6,0,8,10,0.8,2,7,9,9,1,1,10,4,12,-0.7,-7,2008
41,8,2008-05-08,ECS,CLE,BOS,2,L (-16),1,41:38:00,6,24,0.25,0,4,0,9,13,0.692,2,3,5,6,2,1,7,1,21,6.8,-15,2008
42,9,2008-05-10,ECS,CLE,BOS,3,W (+24),1,40:15:00,5,16,0.313,3,5,0.6,8,12,0.667,0,5,5,8,4,3,2,3,21,20.2,29,2008
43,10,2008-05-12,ECS,CLE,BOS,4,W (+11),1,44:00:00,7,20,0.35,2,5,0.4,5,8,0.625,1,5,6,13,3,2,4,3,21,19.1,15,2008
44,11,2008-05-14,ECS,CLE,BOS,5,L (-7),1,44:43:00,12,25,0.48,0,5,0,11,13,0.846,0,3,3,5,1,1,4,3,35,22.4,-8,2008
45,12,2008-05-16,ECS,CLE,BOS,6,W (+5),1,46:39:00,9,23,0.391,1,3,0.333,13,15,0.867,3,9,12,6,2,1,8,2,32,21.6,7,2008
46,13,2008-05-18,ECS,CLE,BOS,7,L (-5),1,46:48:00,14,29,0.483,3,11,0.273,14,19,0.737,1,4,5,6,2,0,2,4,45,32.8,0,2008
47,1,2009-04-18,EC1,CLE,DET,1,W (+18),1,40:52:00,13,20,0.65,1,4,0.25,11,14,0.786,0,8,8,7,1,0,0,1,38,35.9,22,2009
48,2,2009-04-21,EC1,CLE,DET,2,W (+12),1,37:55:00,7,14,0.5,2,5,0.4,13,17,0.765,1,12,13,6,0,0,2,1,29,26.5,21,2009
49,3,2009-04-24,EC1,CLE,DET,3,W (+11),1,42:44:00,9,19,0.474,0,5,0,7,11,0.636,2,9,11,9,3,2,2,0,25,26.5,13,2009
50,4,2009-04-26,EC1,CLE,DET,4,W (+21),1,40:39:00,10,24,0.417,0,3,0,16,17,0.941,1,12,13,8,2,1,2,3,36,32.2,10,2009
51,5,2009-05-05,ECS,CLE,ATL,1,W (+27),1,34:19:00,12,20,0.6,2,6,0.333,8,9,0.889,3,7,10,3,4,0,3,0,34,31.7,13,2009
52,6,2009-05-07,ECS,CLE,ATL,2,W (+20),1,31:10:00,9,14,0.643,3,5,0.6,6,12,0.5,0,3,3,5,4,1,0,1,27,27.1,23,2009
53,7,2009-05-09,ECS,CLE,ATL,3,W (+15),1,43:14:00,15,25,0.6,5,10,0.5,12,16,0.75,2,10,12,8,1,1,1,2,47,43.8,26,2009
54,8,2009-05-11,ECS,CLE,ATL,4,W (+10),1,43:25:00,9,22,0.409,3,6,0.5,6,9,0.667,0,8,8,8,1,0,3,3,27,18.8,1,2009
55,9,2009-05-20,ECF,CLE,ORL,1,L (-1),1,41:14:00,20,30,0.667,3,6,0.5,6,10,0.6,3,3,6,8,2,3,2,1,49,44.7,7,2009
56,10,2009-05-22,ECF,CLE,ORL,2,W (+1),1,42:32:00,12,23,0.522,1,3,0.333,10,12,0.833,2,2,4,5,1,0,6,3,35,22.2,-7,2009
57,11,2009-05-24,ECF,CLE,ORL,3,L (-10),1,41:57:00,11,28,0.393,1,8,0.125,18,24,0.75,0,7,7,9,2,1,2,3,41,31.3,-12,2009
58,12,2009-05-26,ECF,CLE,ORL,4,L (-2),1,49:24:00,13,29,0.448,4,10,0.4,14,18,0.778,1,11,12,7,1,1,8,5,44,27.9,6,2009
59,13,2009-05-28,ECF,CLE,ORL,5,W (+10),1,45:30:00,11,24,0.458,0,2,0,15,19,0.789,3,11,14,12,1,1,4,3,37,33.3,11,2009
60,14,2009-05-30,ECF,CLE,ORL,6,L (-13),1,44:53:00,8,20,0.4,2,8,0.25,7,11,0.636,1,6,7,7,0,1,3,4,25,16.1,-12,2009
61,1,2010-04-17,EC1,CLE,CHI,1,W (+13),1,40:14:00,9,19,0.474,0,1,0,6,7,0.857,0,6,6,5,1,4,3,2,24,19.2,19,2010
62,2,2010-04-19,EC1,CLE,CHI,2,W (+10),1,41:05:00,16,23,0.696,2,4,0.5,6,6,1,1,7,8,8,1,2,2,2,40,38.3,6,2010
63,3,2010-04-22,EC1,CLE,CHI,3,L (-2),1,44:16:00,14,26,0.538,4,8,0.5,7,13,0.538,2,8,10,8,2,3,5,3,39,31.3,5,2010
64,4,2010-04-25,EC1,CLE,CHI,4,W (+23),1,36:24:00,11,17,0.647,6,9,0.667,9,10,0.9,0,12,12,11,2,1,2,3,37,39.9,29,2010
65,5,2010-04-27,EC1,CLE,CHI,5,W (+2),1,43:13:00,5,12,0.417,1,2,0.5,8,14,0.571,3,7,10,9,0,2,3,1,19,18.7,1,2010
66,6,2010-05-01,ECS,CLE,BOS,1,W (+8),1,43:12:00,12,24,0.5,3,6,0.5,8,11,0.727,2,5,7,7,3,2,2,1,35,31.6,7,2010
67,7,2010-05-03,ECS,CLE,BOS,2,L (-18),1,41:09:00,7,15,0.467,0,4,0,10,15,0.667,0,7,7,4,3,2,5,1,24,18.2,-16,2010
68,8,2010-05-07,ECS,CLE,BOS,3,W (+29),1,39:16:00,14,22,0.636,2,3,0.667,8,9,0.889,2,6,8,7,1,2,1,1,38,36.9,30,2010
69,9,2010-05-09,ECS,CLE,BOS,4,L (-10),1,43:14:00,7,18,0.389,0,5,0,8,11,0.727,1,8,9,8,2,1,7,4,22,13.8,-10,2010
70,10,2010-05-11,ECS,CLE,BOS,5,L (-32),1,41:40:00,3,14,0.214,0,4,0,9,12,0.75,1,5,6,7,1,0,3,3,15,9.1,-22,2010
71,11,2010-05-13,ECS,CLE,BOS,6,L (-9),1,46:12:00,8,21,0.381,2,4,0.5,9,12,0.75,3,16,19,10,3,1,9,2,27,22.1,-5,2010
72,1,2011-04-16,EC1,MIA,PHI,1,W (+8),1,42:43:00,4,14,0.286,0,2,0,13,14,0.929,4,10,14,5,1,3,2,3,21,21.6,4,2011
73,2,2011-04-18,EC1,MIA,PHI,2,W (+21),1,38:55:00,10,19,0.526,1,1,1,8,10,0.8,1,6,7,6,0,0,0,1,29,25.2,24,2011
74,3,2011-04-21,EC1,MIA,PHI,3,W (+6),1,44:16:00,8,15,0.533,1,4,0.25,7,10,0.7,1,14,15,6,1,0,1,1,24,24.2,8,2011
75,4,2011-04-24,EC1,MIA,PHI,4,L (-4),1,43:33:00,11,20,0.55,0,4,0,9,11,0.818,2,5,7,6,1,1,1,2,31,27.6,-4,2011
76,5,2011-04-27,EC1,MIA,PHI,5,W (+6),1,41:40:00,5,13,0.385,2,5,0.4,4,5,0.8,3,7,10,8,1,0,3,2,16,15.5,5,2011
77,6,2011-05-01,ECS,MIA,BOS,1,W (+9),1,39:54:00,8,19,0.421,1,3,0.333,5,9,0.556,1,5,6,5,2,2,3,2,22,15.6,1,2011
78,7,2011-05-03,ECS,MIA,BOS,2,W (+11),1,44:03:00,14,25,0.56,2,4,0.5,5,8,0.625,2,5,7,2,1,1,0,3,35,26.7,10,2011
79,8,2011-05-07,ECS,MIA,BOS,3,L (-16),1,42:48:00,6,16,0.375,0,3,0,3,7,0.429,2,5,7,4,2,5,4,3,15,10.6,-21,2011
80,9,2011-05-09,ECS,MIA,BOS,4,W (+8),1,50:17:00,12,28,0.429,2,6,0.333,9,9,1,3,11,14,3,3,0,5,3,35,24.5,7,2011
81,10,2011-05-11,ECS,MIA,BOS,5,W (+10),1,45:43:00,11,20,0.55,5,7,0.714,6,9,0.667,2,5,7,4,1,1,5,1,33,24.2,14,2011
82,11,2011-05-15,ECF,MIA,CHI,1,L (-21),1,41:12:00,5,15,0.333,1,3,0.333,4,4,1,1,5,6,6,2,3,4,2,15,12.2,-14,2011
83,12,2011-05-18,ECF,MIA,CHI,2,W (+10),1,45:39:00,12,21,0.571,2,6,0.333,3,7,0.429,3,7,10,5,3,0,5,3,29,22,8,2011
84,13,2011-05-22,ECF,MIA,CHI,3,W (+11),1,43:55:00,6,13,0.462,1,2,0.5,9,9,1,1,5,6,10,2,2,0,4,22,26.3,16,2011
85,14,2011-05-24,ECF,MIA,CHI,4,W (+8),1,49:23:00,11,26,0.423,0,1,0,13,13,1,2,4,6,6,2,2,5,4,35,24.8,-1,2011
86,15,2011-05-26,ECF,MIA,CHI,5,W (+3),1,45:46:00,8,19,0.421,3,6,0.5,9,11,0.818,0,11,11,6,3,2,4,2,28,24.2,8,2011
87,16,2011-05-31,FIN,MIA,DAL,1,W (+8),1,45:15:00,9,16,0.563,4,5,0.8,2,2,1,0,9,9,5,1,0,1,4,24,21,9,2011
88,17,2011-06-02,FIN,MIA,DAL,2,L (-2),1,39:37:00,8,15,0.533,2,7,0.286,2,4,0.5,1,7,8,4,4,1,5,4,20,15.6,-5,2011
89,18,2011-06-05,FIN,MIA,DAL,3,W (+2),1,45:15:00,6,14,0.429,1,4,0.25,4,4,1,0,3,3,9,2,0,4,3,17,13.6,1,2011
90,19,2011-06-07,FIN,MIA,DAL,4,L (-3),1,45:43:00,3,11,0.273,0,3,0,2,4,0.5,3,6,9,7,2,0,4,4,8,5.9,-6,2011
91,20,2011-06-09,FIN,MIA,DAL,5,L (-9),1,45:38:00,8,19,0.421,0,4,0,1,2,0.5,1,9,10,10,0,1,4,3,17,12.4,-11,2011
92,21,2011-06-12,FIN,MIA,DAL,6,L (-10),1,40:21:00,9,15,0.6,2,5,0.4,1,4,0.25,1,3,4,6,1,1,6,2,21,13.6,-24,2011
93,1,2012-04-28,EC1,MIA,NYK,1,W (+33),1,31:41:00,10,14,0.714,1,1,1,11,14,0.786,1,3,4,3,4,0,2,2,32,29.9,35,2012
94,2,2012-04-30,EC1,MIA,NYK,2,W (+10),1,40:35:00,8,18,0.444,0,3,0,3,7,0.429,1,6,7,9,2,0,2,1,19,16.4,10,2012
95,3,2012-05-03,EC1,MIA,NYK,3,W (+17),1,35:50:00,9,21,0.429,2,5,0.4,12,13,0.923,2,6,8,5,2,0,8,5,32,19.2,23,2012
96,4,2012-05-06,EC1,MIA,NYK,4,L (-2),1,41:27:00,9,21,0.429,2,5,0.4,7,8,0.875,0,4,4,4,1,0,5,4,27,13.9,-7,2012
97,5,2012-05-09,EC1,MIA,NYK,5,W (+12),1,39:38:00,7,16,0.438,2,6,0.333,13,15,0.867,1,7,8,7,2,1,4,2,29,25.4,6,2012
98,6,2012-05-13,ECS,MIA,IND,1,W (+9),1,43:15:00,12,26,0.462,0,3,0,8,10,0.8,6,9,15,5,2,1,1,1,32,29.5,12,2012
99,7,2012-05-15,ECS,MIA,IND,2,L (-3),1,42:49:00,10,22,0.455,0,4,0,8,13,0.615,4,5,9,5,6,0,2,0,28,26.4,-7,2012
100,8,2012-05-17,ECS,MIA,IND,3,L (-19),1,40:06:00,10,22,0.455,1,4,0.25,1,3,0.333,1,6,7,3,2,0,4,1,22,12,-9,2012
101,9,2012-05-20,ECS,MIA,IND,4,W (+8),1,43:54:00,14,27,0.519,0,0,,12,16,0.75,6,12,18,9,2,2,5,1,40,37.2,4,2012
102,10,2012-05-22,ECS,MIA,IND,5,W (+32),1,38:09:00,12,19,0.632,2,4,0.5,4,4,1,3,7,10,8,1,1,4,1,30,28.6,28,2012
103,11,2012-05-24,ECS,MIA,IND,6,W (+12),1,44:46:00,12,23,0.522,0,3,0,4,5,0.8,1,5,6,7,3,0,1,1,28,25,16,2012
104,12,2012-05-28,ECF,MIA,BOS,1,W (+14),1,43:53:00,13,22,0.591,0,3,0,6,9,0.667,1,12,13,3,1,3,3,2,32,26.3,17,2012
105,13,2012-05-30,ECF,MIA,BOS,2,W (+4),1,47:39:00,7,20,0.35,2,6,0.333,18,24,0.75,4,6,10,7,1,1,1,2,34,29.8,10,2012
106,14,2012-06-01,ECF,MIA,BOS,3,L (-10),1,43:18:00,16,26,0.615,1,4,0.25,1,5,0.2,0,8,8,5,2,2,3,4,34,25.3,-6,2012
107,15,2012-06-03,ECF,MIA,BOS,4,L (-2),1,48:06:00,12,25,0.48,1,3,0.333,4,8,0.5,1,5,6,3,1,1,7,6,29,11.3,1,2012
108,16,2012-06-05,ECF,MIA,BOS,5,L (-4),1,45:20:00,11,25,0.44,2,6,0.333,6,8,0.75,3,10,13,2,2,1,3,1,30,21.9,0,2012
109,17,2012-06-07,ECF,MIA,BOS,6,W (+19),1,44:49:00,19,26,0.731,2,4,0.5,5,9,0.556,2,13,15,5,0,0,4,3,45,36.4,22,2012
110,18,2012-06-09,ECF,MIA,BOS,7,W (+13),1,47:32:00,9,21,0.429,1,5,0.2,12,17,0.706,2,10,12,2,1,1,3,0,31,22.4,13,2012
111,19,2012-06-12,FIN,MIA,OKC,1,L (-11),1,45:50:00,11,24,0.458,1,3,0.333,7,9,0.778,1,8,9,4,4,0,4,1,30,22.3,-11,2012
112,20,2012-06-14,FIN,MIA,OKC,2,W (+4),1,42:19:00,10,22,0.455,0,2,0,12,12,1,2,6,8,5,1,0,2,4,32,24.7,6,2012
113,21,2012-06-17,FIN,MIA,OKC,3,W (+6),1,43:50:00,11,23,0.478,1,4,0.25,6,8,0.75,5,9,14,3,0,0,4,1,29,20.4,8,2012
114,22,2012-06-19,FIN,MIA,OKC,4,W (+6),1,44:21:00,10,20,0.5,1,4,0.25,5,8,0.625,3,6,9,12,2,0,3,2,26,25.3,8,2012
115,23,2012-06-21,FIN,MIA,OKC,5,W (+15),1,44:09:00,9,19,0.474,0,3,0,8,9,0.889,4,7,11,13,1,2,6,2,26,25.5,20,2012
116,1,2013-04-21,EC1,MIA,MIL,1,W (+23),1,34:31:00,9,11,0.818,1,2,0.5,8,11,0.727,2,8,10,8,0,0,5,2,27,25.3,14,2013
117,2,2013-04-23,EC1,MIA,MIL,2,W (+12),1,38:39:00,6,14,0.429,0,3,0,7,8,0.875,1,7,8,6,1,0,4,2,19,14.4,13,2013
118,3,2013-04-25,EC1,MIA,MIL,3,W (+13),1,32:48:00,9,14,0.643,2,4,0.5,2,4,0.5,0,5,5,6,0,0,5,2,22,14.9,14,2013
119,4,2013-04-28,EC1,MIA,MIL,4,W (+11),1,41:06:00,13,20,0.65,0,2,0,4,7,0.571,2,6,8,7,3,1,5,3,30,25.6,16,2013
120,5,2013-05-06,ECS,MIA,CHI,1,L (-7),1,43:44:00,8,17,0.471,1,3,0.333,7,9,0.778,2,6,8,7,2,1,2,2,24,22.5,-15,2013
121,6,2013-05-08,ECS,MIA,CHI,2,W (+37),1,32:29:00,7,12,0.583,1,3,0.333,4,8,0.5,0,5,5,9,3,0,3,1,19,19.2,25,2013
122,7,2013-05-10,ECS,MIA,CHI,3,W (+10),1,44:25:00,6,17,0.353,2,4,0.5,11,11,1,0,8,8,7,2,0,1,0,25,23.8,7,2013
123,8,2013-05-13,ECS,MIA,CHI,4,W (+23),1,43:12:00,9,20,0.45,1,4,0.25,8,9,0.889,0,7,7,8,2,0,5,0,27,20.9,27,2013
124,9,2013-05-15,ECS,MIA,CHI,5,W (+3),1,44:26:00,5,14,0.357,1,3,0.333,12,15,0.8,0,7,7,8,2,0,2,3,23,20.5,4,2013
125,10,2013-05-22,ECF,MIA,IND,1,W (+1),1,46:33:00,12,24,0.5,2,6,0.333,4,7,0.571,3,7,10,10,0,3,4,5,30,24.1,3,2013
126,11,2013-05-24,ECF,MIA,IND,2,L (-4),1,45:17:00,14,20,0.7,3,7,0.429,5,7,0.714,4,4,8,3,3,1,5,3,36,30.4,-7,2013
127,12,2013-05-26,ECF,MIA,IND,3,W (+18),1,41:13:00,8,17,0.471,0,1,0,6,6,1,0,4,4,3,0,0,0,0,22,16.6,22,2013
128,13,2013-05-28,ECF,MIA,IND,4,L (-7),1,43:19:00,8,18,0.444,4,7,0.571,4,6,0.667,4,2,6,5,1,3,2,6,24,19.4,-3,2013
129,14,2013-05-30,ECF,MIA,IND,5,W (+11),1,44:29:00,13,26,0.5,3,7,0.429,1,4,0.25,0,8,8,6,2,1,3,1,30,21.7,14,2013
130,15,2013-06-01,ECF,MIA,IND,6,L (-14),1,42:17:00,10,21,0.476,2,4,0.5,7,8,0.875,0,7,7,6,2,1,4,2,29,22.1,-22,2013
131,16,2013-06-03,ECF,MIA,IND,7,W (+23),1,40:49:00,8,17,0.471,1,2,0.5,15,16,0.938,2,6,8,4,2,1,2,1,32,29.2,21,2013
132,17,2013-06-06,FIN,MIA,SAS,1,L (-4),1,41:35:00,7,16,0.438,1,5,0.2,3,4,0.75,2,16,18,10,0,0,2,0,18,20.4,-3,2013
133,18,2013-06-09,FIN,MIA,SAS,2,W (+19),1,40:33:00,7,17,0.412,1,3,0.333,2,2,1,1,7,8,7,3,3,2,2,17,17.9,29,2013
134,19,2013-06-11,FIN,MIA,SAS,3,L (-36),1,39:07:00,7,21,0.333,1,5,0.2,0,0,,1,10,11,5,2,0,2,0,15,10.3,-32,2013
135,20,2013-06-13,FIN,MIA,SAS,4,W (+16),1,41:23:00,15,25,0.6,1,2,0.5,2,4,0.5,3,8,11,4,2,2,1,2,33,29.6,8,2013
136,21,2013-06-16,FIN,MIA,SAS,5,L (-10),1,43:41:00,8,22,0.364,2,4,0.5,7,9,0.778,3,3,6,8,4,0,3,1,25,21.2,-9,2013
137,22,2013-06-18,FIN,MIA,SAS,6,W (+3),1,49:46:00,11,26,0.423,1,5,0.2,9,12,0.75,4,6,10,11,3,1,6,3,32,25.8,-1,2013
138,23,2013-06-20,FIN,MIA,SAS,7,W (+7),1,45:00:00,12,23,0.522,5,10,0.5,8,8,1,3,9,12,4,2,0,2,2,37,32.5,8,2013
139,1,2014-04-20,EC1,MIA,CHA,1,W (+11),1,38:32:00,8,16,0.5,4,8,0.5,7,10,0.7,0,9,9,1,0,0,3,1,27,17.8,0,2014
140,2,2014-04-23,EC1,MIA,CHA,2,W (+4),1,39:50:00,11,17,0.647,1,5,0.2,9,12,0.75,0,6,6,8,4,0,4,2,32,29.9,6,2014
141,3,2014-04-26,EC1,MIA,CHA,3,W (+13),1,35:59:00,10,18,0.556,1,2,0.5,9,10,0.9,0,10,10,6,2,0,2,1,30,27.8,20,2014
142,4,2014-04-28,EC1,MIA,CHA,4,W (+11),1,42:54:00,10,19,0.526,1,5,0.2,10,12,0.833,0,7,7,9,3,1,2,3,31,29.8,12,2014
143,5,2014-05-06,ECS,MIA,BRK,1,W (+21),1,36:21:00,10,15,0.667,0,0,,2,2,1,1,4,5,3,0,0,1,2,22,17.7,10,2014
144,6,2014-05-08,ECS,MIA,BRK,2,W (+12),1,39:07:00,9,18,0.5,0,3,0,4,6,0.667,0,4,4,3,2,1,2,2,22,15.4,6,2014
145,7,2014-05-10,ECS,MIA,BRK,3,L (-14),1,39:39:00,8,15,0.533,3,7,0.429,9,10,0.9,0,8,8,5,1,1,2,2,28,25.1,-14,2014
146,8,2014-05-12,ECS,MIA,BRK,4,W (+6),1,43:28:00,16,24,0.667,3,6,0.5,14,19,0.737,0,6,6,2,3,0,1,5,49,39.8,13,2014
147,9,2014-05-14,ECS,MIA,BRK,5,W (+2),1,43:36:00,6,14,0.429,2,5,0.4,15,17,0.882,2,7,9,5,0,1,5,1,29,23.1,4,2014
148,10,2014-05-18,ECF,MIA,IND,1,L (-11),1,40:50:00,11,18,0.611,1,5,0.2,2,2,1,1,9,10,5,3,0,4,3,25,21.5,-13,2014
149,11,2014-05-20,ECF,MIA,IND,2,W (+4),1,42:21:00,9,18,0.5,1,5,0.2,3,6,0.5,0,7,7,6,2,3,3,3,22,18,4,2014
150,12,2014-05-24,ECF,MIA,IND,3,W (+12),1,39:46:00,9,14,0.643,1,2,0.5,7,9,0.778,1,4,5,7,3,0,6,2,26,22,24,2014
151,13,2014-05-26,ECF,MIA,IND,4,W (+12),1,35:48:00,13,21,0.619,2,3,0.667,4,4,1,0,10,10,5,2,0,2,3,32,27.8,10,2014
152,14,2014-05-28,ECF,MIA,IND,5,L (-3),1,24:21:00,2,10,0.2,1,3,0.333,2,3,0.667,1,1,2,4,0,1,3,5,7,-0.1,1,2014
153,15,2014-05-30,ECF,MIA,IND,6,W (+25),1,31:39:00,8,12,0.667,0,0,,9,9,1,1,3,4,6,1,1,2,1,25,24.9,27,2014
154,16,2014-06-05,FIN,MIA,SAS,1,L (-15),1,32:53:00,9,17,0.529,2,3,0.667,5,6,0.833,3,3,6,3,3,0,4,1,25,20,0,2014
155,17,2014-06-08,FIN,MIA,SAS,2,W (+2),1,37:36:00,14,22,0.636,3,3,1,4,5,0.8,2,8,10,3,2,0,4,3,35,27.5,11,2014
156,18,2014-06-10,FIN,MIA,SAS,3,L (-19),1,39:49:00,9,14,0.643,2,4,0.5,2,3,0.667,1,4,5,7,5,0,7,5,22,18.2,-21,2014
157,19,2014-06-12,FIN,MIA,SAS,4,L (-21),1,37:39:00,10,17,0.588,4,8,0.5,4,6,0.667,0,8,8,2,0,0,3,0,28,20.1,-21,2014
158,20,2014-06-15,FIN,MIA,SAS,5,L (-17),1,41:16:00,10,21,0.476,3,9,0.333,8,9,0.889,1,9,10,5,0,2,1,1,31,26.8,-16,2014
159,1,2015-04-19,EC1,CLE,BOS,1,W (+13),1,41:55:00,8,18,0.444,1,3,0.333,3,4,0.75,0,6,6,7,2,1,5,2,20,13.8,3,2015
160,2,2015-04-21,EC1,CLE,BOS,2,W (+8),1,41:48:00,11,22,0.5,1,5,0.2,7,8,0.875,1,8,9,7,0,2,6,3,30,20.8,11,2015
161,3,2015-04-23,EC1,CLE,BOS,3,W (+8),1,41:58:00,13,26,0.5,1,5,0.2,4,5,0.8,1,10,11,4,4,2,2,1,31,27.1,0,2015
162,4,2015-04-26,EC1,CLE,BOS,4,W (+8),1,46:22:00,10,24,0.417,1,7,0.143,6,10,0.6,0,10,10,8,3,1,6,2,27,18.1,7,2015
163,5,2015-05-04,ECS,CLE,CHI,1,L (-7),1,41:56:00,9,22,0.409,0,3,0,1,2,0.5,4,11,15,9,3,1,6,4,19,15.3,-11,2015
164,6,2015-05-06,ECS,CLE,CHI,2,W (+15),1,34:13:00,13,29,0.448,0,2,0,7,9,0.778,3,5,8,5,2,1,2,2,33,24.1,31,2015
165,7,2015-05-08,ECS,CLE,CHI,3,L (-3),1,43:39:00,8,25,0.32,1,7,0.143,10,11,0.909,2,6,8,14,1,1,7,4,27,18.4,1,2015
166,8,2015-05-10,ECS,CLE,CHI,4,W (+2),1,43:09:00,10,30,0.333,1,7,0.143,4,4,1,2,12,14,8,1,2,8,4,25,11.4,5,2015
167,9,2015-05-12,ECS,CLE,CHI,5,W (+5),1,40:56:00,14,24,0.583,1,5,0.2,9,12,0.75,2,10,12,6,3,3,0,3,38,38.1,-4,2015
168,10,2015-05-14,ECS,CLE,CHI,6,W (+21),1,41:03:00,7,23,0.304,0,4,0,1,2,0.5,1,8,9,11,0,2,4,4,15,7.9,20,2015
169,11,2015-05-20,ECF,CLE,ATL,1,W (+8),1,38:02:00,12,26,0.462,0,1,0,7,8,0.875,1,7,8,6,1,0,4,3,31,20,3,2015
170,12,2015-05-22,ECF,CLE,ATL,2,W (+12),1,38:58:00,10,22,0.455,2,7,0.286,8,11,0.727,1,8,9,11,0,1,4,1,30,24.5,18,2015
171,13,2015-05-24,ECF,CLE,ATL,3,W (+3),1,46:47:00,14,37,0.378,1,6,0.167,8,10,0.8,8,10,18,13,3,0,6,4,37,29,-3,2015
172,14,2015-05-26,ECF,CLE,ATL,4,W (+30),1,29:10:00,10,20,0.5,2,6,0.333,1,4,0.25,0,9,9,7,2,1,1,2,23,20.3,20,2015
173,15,2015-06-04,FIN,CLE,GSW,1,L (-8),1,45:46:00,18,38,0.474,2,8,0.25,6,10,0.6,0,8,8,6,0,0,4,2,44,24.8,-3,2015
174,16,2015-06-07,FIN,CLE,GSW,2,W (+2),1,50:20:00,11,35,0.314,3,6,0.5,14,18,0.778,4,12,16,11,1,1,3,3,39,28.9,0,2015
175,17,2015-06-09,FIN,CLE,GSW,3,W (+5),1,46:00:00,14,34,0.412,2,6,0.333,10,12,0.833,1,11,12,8,4,2,4,1,40,31.6,7,2015
176,18,2015-06-11,FIN,CLE,GSW,4,L (-21),1,40:55:00,7,22,0.318,1,4,0.25,5,10,0.5,2,10,12,8,0,0,2,5,20,11.4,-15,2015
177,19,2015-06-14,FIN,CLE,GSW,5,L (-13),1,44:46:00,15,34,0.441,3,8,0.375,7,9,0.778,1,13,14,11,1,0,2,5,40,30.7,-11,2015
178,20,2015-06-16,FIN,CLE,GSW,6,L (-8),1,46:42:00,13,33,0.394,2,10,0.2,4,8,0.5,3,15,18,9,2,0,6,3,32,20.2,-3,2015
179,1,2016-04-17,EC1,CLE,DET,1,W (+5),1,40:51:00,9,17,0.529,0,3,0,4,4,1,1,5,6,11,2,2,1,3,22,24.8,18,2016
180,2,2016-04-20,EC1,CLE,DET,2,W (+17),1,39:44:00,12,18,0.667,2,4,0.5,1,3,0.333,1,5,6,3,3,0,5,3,27,19.5,10,2016
181,3,2016-04-22,EC1,CLE,DET,3,W (+10),1,42:55:00,8,24,0.333,1,6,0.167,3,5,0.6,1,12,13,7,0,1,5,2,20,9.7,17,2016
182,4,2016-04-24,EC1,CLE,DET,4,W (+2),1,41:27:00,9,19,0.474,1,6,0.167,3,3,1,2,9,11,6,2,0,2,4,22,19,5,2016
183,5,2016-05-02,ECS,CLE,ATL,1,W (+11),1,40:34:00,11,21,0.524,2,4,0.5,1,1,1,0,7,7,9,5,1,4,3,25,23.6,16,2016
184,6,2016-05-04,ECS,CLE,ATL,2,W (+25),1,28:08:00,9,15,0.6,4,6,0.667,5,9,0.556,0,4,4,5,3,0,2,4,27,22.6,24,2016
185,7,2016-05-06,ECS,CLE,ATL,3,W (+13),1,38:58:00,8,16,0.5,1,4,0.25,7,9,0.778,2,11,13,8,2,0,5,2,24,21.7,17,2016
186,8,2016-05-08,ECS,CLE,ATL,4,W (+1),1,37:52:00,10,23,0.435,1,5,0.2,0,3,0,5,5,10,9,2,1,6,2,21,14.9,2,2016
187,9,2016-05-17,ECF,CLE,TOR,1,W (+31),1,28:18:00,11,13,0.846,0,1,0,2,4,0.5,2,4,6,4,2,1,4,3,24,21.4,20,2016
188,10,2016-05-19,ECF,CLE,TOR,2,W (+19),1,33:45:00,7,13,0.538,0,2,0,9,17,0.529,1,10,11,11,3,0,2,2,23,25.1,16,2016
189,11,2016-05-21,ECF,CLE,TOR,3,L (-15),1,38:50:00,9,17,0.529,1,5,0.2,5,7,0.714,4,4,8,5,2,0,2,3,24,21.2,-12,2016
190,12,2016-05-23,ECF,CLE,TOR,4,L (-6),1,45:48:00,11,16,0.688,1,3,0.333,6,6,1,4,5,9,6,2,1,1,3,29,31.2,-3,2016
191,13,2016-05-25,ECF,CLE,TOR,5,W (+38),1,31:30:00,10,17,0.588,2,4,0.5,1,3,0.333,0,6,6,8,2,1,2,2,23,21.6,32,2016
192,14,2016-05-27,ECF,CLE,TOR,6,W (+26),1,41:15:00,13,22,0.591,3,6,0.5,4,7,0.571,2,9,11,6,1,3,3,2,33,29.2,22,2016
193,15,2016-06-02,FIN,CLE,GSW,1,L (-15),1,40:53:00,9,21,0.429,2,4,0.5,3,4,0.75,4,8,12,9,2,1,4,2,23,20.9,-9,2016
194,16,2016-06-05,FIN,CLE,GSW,2,L (-33),1,33:38:00,7,17,0.412,1,5,0.2,4,4,1,0,8,8,9,4,1,7,3,19,15.1,-20,2016
195,17,2016-06-08,FIN,CLE,GSW,3,W (+30),1,40:04:00,14,26,0.538,1,2,0.5,3,5,0.6,2,9,11,6,1,2,5,2,32,23.5,24,2016
196,18,2016-06-10,FIN,CLE,GSW,4,L (-11),1,45:34:00,11,21,0.524,1,5,0.2,2,4,0.5,4,9,13,9,2,3,7,4,25,21.2,-12,2016
197,19,2016-06-13,FIN,CLE,GSW,5,W (+15),1,42:38:00,16,30,0.533,4,8,0.5,5,8,0.625,4,12,16,7,3,3,2,1,41,39.2,13,2016
198,20,2016-06-16,FIN,CLE,GSW,6,W (+14),1,42:35:00,16,27,0.593,3,6,0.5,6,8,0.75,2,6,8,11,4,3,1,3,41,42.5,26,2016
199,21,2016-06-19,FIN,CLE,GSW,7,W (+4),1,46:49:00,9,24,0.375,1,5,0.2,8,10,0.8,1,10,11,11,2,3,5,1,27,23.1,4,2016
200,1,2017-04-15,EC1,CLE,IND,1,W (+1),1,42:44:00,12,20,0.6,2,3,0.667,6,9,0.667,1,5,6,13,3,0,3,3,32,31.7,5,2017
201,2,2017-04-17,EC1,CLE,IND,2,W (+6),1,42:16:00,11,20,0.55,0,2,0,3,6,0.5,0,10,10,7,4,4,8,2,25,20.1,6,2017
202,3,2017-04-20,EC1,CLE,IND,3,W (+5),1,45:13:00,14,27,0.519,6,12,0.5,7,14,0.5,1,12,13,12,1,2,3,4,41,35.4,13,2017
203,4,2017-04-23,EC1,CLE,IND,4,W (+4),1,44:44:00,13,25,0.52,1,3,0.333,6,9,0.667,0,10,10,4,4,2,4,1,33,26.3,4,2017
204,5,2017-05-01,ECS,CLE,TOR,1,W (+11),1,41:02:00,13,23,0.565,2,5,0.4,7,8,0.875,2,8,10,4,1,1,3,2,35,28.2,16,2017
205,6,2017-05-03,ECS,CLE,TOR,2,W (+22),1,36:36:00,10,14,0.714,4,6,0.667,15,21,0.714,1,5,6,4,3,2,3,3,39,36,24,2017
206,7,2017-05-05,ECS,CLE,TOR,3,W (+21),1,40:38:00,9,16,0.563,2,4,0.5,15,16,0.938,0,8,8,7,1,0,5,1,35,29.9,20,2017
207,8,2017-05-07,ECS,CLE,TOR,4,W (+7),1,46:11:00,11,22,0.5,5,12,0.417,8,9,0.889,1,8,9,6,0,1,6,1,35,25.2,7,2017
208,9,2017-05-17,ECF,CLE,BOS,1,W (+13),1,41:58:00,14,24,0.583,1,6,0.167,9,11,0.818,2,7,9,7,2,0,2,2,38,33.6,17,2017
209,10,2017-05-19,ECF,CLE,BOS,2,W (+44),1,32:48:00,12,18,0.667,4,6,0.667,2,4,0.5,0,4,4,7,4,3,1,1,30,32.2,46,2017
210,11,2017-05-21,ECF,CLE,BOS,3,L (-3),1,45:03:00,4,13,0.308,0,4,0,3,6,0.5,1,5,6,6,1,1,6,2,11,3.6,1,2017
211,12,2017-05-23,ECF,CLE,BOS,4,W (+13),1,38:16:00,15,27,0.556,1,6,0.167,3,4,0.75,0,5,5,6,1,1,5,4,34,21.5,7,2017
212,13,2017-05-25,ECF,CLE,BOS,5,W (+33),1,34:44:00,13,18,0.722,4,7,0.571,5,8,0.625,1,7,8,8,3,1,2,4,35,34.9,36,2017
213,14,2017-06-01,FIN,CLE,GSW,1,L (-22),1,40:02:00,9,20,0.45,2,6,0.333,8,12,0.667,3,12,15,8,0,2,8,4,28,19.1,-22,2017
214,15,2017-06-04,FIN,CLE,GSW,2,L (-19),1,39:22:00,12,18,0.667,1,3,0.333,4,5,0.8,0,11,11,14,3,1,4,2,29,32.8,-11,2017
215,16,2017-06-07,FIN,CLE,GSW,3,L (-5),1,45:37:00,15,27,0.556,4,9,0.444,5,6,0.833,3,8,11,9,1,1,5,2,39,32.4,7,2017
216,17,2017-06-09,FIN,CLE,GSW,4,W (+21),1,40:46:00,11,22,0.5,3,8,0.375,6,10,0.6,1,9,10,11,1,0,2,2,31,27.7,32,2017
217,18,2017-06-12,FIN,CLE,GSW,5,L (-9),1,46:13:00,19,30,0.633,2,5,0.4,1,4,0.25,2,11,13,8,2,1,2,3,41,36.2,-13,2017
218,1,2018-04-15,EC1,CLE,IND,1,L (-18),1,43:56:00,7,17,0.412,0,4,0,10,14,0.714,3,7,10,12,1,1,3,2,24,23.8,-13,2018
219,2,2018-04-18,EC1,CLE,IND,2,W (+3),1,39:53:00,17,24,0.708,2,5,0.4,10,13,0.769,1,11,12,5,2,0,3,1,46,40.9,7,2018
220,3,2018-04-20,EC1,CLE,IND,3,L (-2),1,41:41:00,10,22,0.455,4,7,0.571,4,6,0.667,3,9,12,8,1,1,6,1,28,21.5,-1,2018
221,4,2018-04-22,EC1,CLE,IND,4,W (+4),1,46:09:00,12,22,0.545,0,5,0,8,9,0.889,2,11,13,7,0,2,1,3,32,29.8,3,2018
222,5,2018-04-25,EC1,CLE,IND,5,W (+3),1,41:49:00,14,24,0.583,1,4,0.25,15,15,1,3,7,10,8,1,1,5,3,44,38.1,2,2018
223,6,2018-04-27,EC1,CLE,IND,6,L (-34),1,31:11:00,7,16,0.438,3,6,0.5,5,5,1,0,5,5,7,1,2,4,3,22,17.2,-24,2018
224,7,2018-04-29,EC1,CLE,IND,7,W (+4),1,43:25:00,16,25,0.64,2,3,0.667,11,15,0.733,2,6,8,7,4,0,4,4,45,38.8,-2,2018
225,8,2018-05-01,ECS,CLE,TOR,1,W (+1),1,46:56:00,12,30,0.4,1,8,0.125,1,6,0.167,0,11,11,13,1,2,1,2,26,20.8,5,2018
226,9,2018-05-03,ECS,CLE,TOR,2,W (+18),1,40:30:00,19,28,0.679,1,3,0.333,4,8,0.5,1,7,8,14,1,0,1,1,43,41.6,20,2018
227,10,2018-05-05,ECS,CLE,TOR,3,W (+2),1,41:16:00,14,26,0.538,1,4,0.25,9,11,0.818,1,5,6,7,3,1,4,1,38,31,2,2018
228,11,2018-05-07,ECS,CLE,TOR,4,W (+35),1,38:24:00,12,19,0.632,0,3,0,5,8,0.625,0,8,8,11,2,1,2,2,29,29.3,28,2018
229,12,2018-05-13,ECF,CLE,BOS,1,L (-25),1,36:07:00,5,16,0.313,0,5,0,5,6,0.833,0,7,7,9,0,2,7,1,15,7.8,-32,2018
230,13,2018-05-15,ECF,CLE,BOS,2,L (-13),1,38:46:00,16,29,0.552,5,11,0.455,5,10,0.5,1,9,10,12,0,1,6,3,42,31.4,-9,2018
231,14,2018-05-19,ECF,CLE,BOS,3,W (+30),1,37:30:00,8,12,0.667,3,3,1,8,10,0.8,1,4,5,12,2,2,3,3,27,30.5,31,2018
232,15,2018-05-21,ECF,CLE,BOS,4,W (+9),1,41:53:00,17,28,0.607,1,4,0.25,9,13,0.692,1,4,5,3,2,0,7,3,44,27.4,9,2018
233,16,2018-05-23,ECF,CLE,BOS,5,L (-13),1,39:16:00,11,22,0.5,1,6,0.167,3,4,0.75,0,10,10,5,1,0,6,2,26,15.3,-11,2018
234,17,2018-05-25,ECF,CLE,BOS,6,W (+10),1,46:06:00,17,33,0.515,5,7,0.714,7,11,0.636,3,8,11,9,3,1,3,2,46,38.8,15,2018
235,18,2018-05-27,ECF,CLE,BOS,7,W (+8),1,48:00:00,12,24,0.5,3,8,0.375,8,11,0.727,0,15,15,9,0,2,8,4,35,24.4,8,2018
236,19,2018-05-31,FIN,CLE,GSW,1,L (-10),1,47:32:00,19,32,0.594,3,7,0.429,10,11,0.909,4,4,8,8,1,1,5,2,51,41.3,-13,2018
237,20,2018-06-03,FIN,CLE,GSW,2,L (-19),1,43:51:00,10,20,0.5,2,4,0.5,7,9,0.778,1,8,9,13,2,0,5,2,29,26.6,-18,2018
238,21,2018-06-06,FIN,CLE,GSW,3,L (-8),1,46:52:00,13,28,0.464,1,6,0.167,6,7,0.857,3,7,10,11,2,2,4,2,33,28.7,-8,2018
239,22,2018-06-08,FIN,CLE,GSW,4,L (-23),1,40:34:00,7,13,0.538,0,1,0,9,11,0.818,1,6,7,8,0,1,6,5,23,16.7,-21,2018
240,1,2020-08-18,WC1,LAL,POR,1,L (-7),1,41:03:00,9,20,0.45,1,5,0.2,4,7,0.571,2,15,17,16,1,0,4,1,23,25.1,-3,2020
241,2,2020-08-20,WC1,LAL,POR,2,W (+23),1,26:41:00,4,11,0.364,0,3,0,2,2,1,0,6,6,7,2,0,6,1,10,6.2,23,2020
242,3,2020-08-22,WC1,LAL,POR,3,W (+8),1,34:29:00,11,18,0.611,4,8,0.5,12,17,0.706,1,11,12,8,2,0,8,3,38,30.2,2,2020
243,4,2020-08-24,WC1,LAL,POR,4,W (+20),1,28:18:00,10,12,0.833,4,5,0.8,6,8,0.75,1,5,6,10,0,1,2,2,30,31.9,17,2020
244,5,2020-08-29,WC1,LAL,POR,5,W (+9),1,33:52:00,14,19,0.737,4,7,0.571,4,4,1,0,10,10,10,1,1,5,1,36,34.6,20,2020
245,6,2020-09-04,WCS,LAL,HOU,1,L (-15),1,36:34:00,7,15,0.467,2,7,0.286,4,5,0.8,1,7,8,7,0,2,4,2,20,16.2,-15,2020
246,7,2020-09-06,WCS,LAL,HOU,2,W (+8),1,39:16:00,10,17,0.588,1,5,0.2,7,10,0.7,0,11,11,9,4,2,7,3,28,25.7,15,2020
247,8,2020-09-08,WCS,LAL,HOU,3,W (+10),1,37:31:00,13,23,0.565,4,9,0.444,6,10,0.6,0,7,7,5,1,4,2,1,36,30.5,8,2020
248,9,2020-09-10,WCS,LAL,HOU,4,W (+10),1,33:45:00,7,17,0.412,0,5,0,2,3,0.667,1,14,15,9,3,0,4,2,16,15.9,15,2020
249,10,2020-09-12,WCS,LAL,HOU,5,W (+23),1,30:48:00,9,18,0.5,3,8,0.375,8,10,0.8,2,9,11,7,2,1,4,2,29,26.1,19,2020
250,11,2020-09-18,WCF,LAL,DEN,1,W (+12),1,30:54:00,6,11,0.545,0,2,0,3,4,0.75,1,5,6,12,0,0,3,2,15,16.1,15,2020
251,12,2020-09-20,WCF,LAL,DEN,2,W (+2),1,36:25:00,10,20,0.5,3,8,0.375,3,4,0.75,2,9,11,4,0,2,6,2,26,17.1,-9,2020
252,13,2020-09-22,WCF,LAL,DEN,3,L (-8),1,37:15:00,14,23,0.609,1,4,0.25,1,2,0.5,1,9,10,11,2,2,6,1,30,27.2,2,2020
253,14,2020-09-24,WCF,LAL,DEN,4,W (+6),1,38:21:00,7,18,0.389,1,3,0.333,11,14,0.786,1,8,9,8,0,0,0,2,26,22.9,8,2020
254,15,2020-09-26,WCF,LAL,DEN,5,W (+10),1,40:01:00,15,25,0.6,1,4,0.25,7,8,0.875,3,13,16,10,1,0,2,2,38,37.3,12,2020
255,16,2020-09-30,FIN,LAL,MIA,1,W (+18),1,36:24:00,9,17,0.529,2,4,0.5,5,6,0.833,1,12,13,9,1,0,2,3,25,24.7,10,2020
256,17,2020-10-02,FIN,LAL,MIA,2,W (+10),1,39:09:00,14,25,0.56,3,8,0.375,2,5,0.4,2,7,9,9,1,1,0,2,33,30.6,7,2020
257,18,2020-10-04,FIN,LAL,MIA,3,L (-11),1,39:13:00,9,16,0.563,1,5,0.2,6,9,0.667,1,9,10,8,0,2,8,2,25,17.8,-4,2020
258,19,2020-10-06,FIN,LAL,MIA,4,W (+6),1,38:38:00,8,16,0.5,2,5,0.4,10,12,0.833,2,10,12,8,1,0,6,2,28,23.4,-2,2020
259,20,2020-10-09,FIN,LAL,MIA,5,L (-3),1,41:51:00,15,21,0.714,6,9,0.667,4,6,0.667,3,10,13,7,3,0,4,1,40,39.1,7,2020
260,21,2020-10-11,FIN,LAL,MIA,6,W (+13),1,41:13:00,13,20,0.65,1,5,0.2,1,4,0.25,3,11,14,10,1,0,1,3,28,29.2,18,2020
261,1,2021-05-23,WC1,LAL,PHO,1,L (-9),1,36:04:00,6,13,0.462,3,7,0.429,3,6,0.5,1,6,7,10,3,0,5,1,18,17.2,2,2021
262,2,2021-05-25,WC1,LAL,PHO,2,W (+7),1,38:54:00,9,16,0.563,4,9,0.444,1,1,1,0,4,4,9,2,0,1,3,23,22.7,14,2021
263,3,2021-05-27,WC1,LAL,PHO,3,W (+14),1,37:45:00,9,19,0.474,1,5,0.2,2,3,0.667,1,5,6,9,1,0,7,0,21,13.4,15,2021
264,4,2021-05-30,WC1,LAL,PHO,4,L (-8),1,37:50:00,10,21,0.476,1,7,0.143,4,7,0.571,2,10,12,6,1,0,6,1,25,16.3,6,2021
265,5,2021-06-01,WC1,LAL,PHO,5,L (-30),1,31:39:00,9,19,0.474,6,10,0.6,0,0,,1,4,5,7,0,0,3,1,24,17.7,-24,2021
266,6,2021-06-03,WC1,LAL,PHO,6,L (-13),1,41:25:00,11,26,0.423,3,10,0.3,4,6,0.667,2,7,9,7,2,2,3,1,29,22.8,-3,2021
267,1,2023-04-16,WC1,LAL,MEM,1,W (+16),1,34:01:00,8,16,0.5,3,8,0.375,2,4,0.5,2,9,11,5,2,3,5,1,21,18.5,7,2023
268,2,2023-04-19,WC1,LAL,MEM,2,L (-10),1,38:53:00,12,23,0.522,1,8,0.125,3,4,0.75,2,10,12,3,1,1,1,1,28,23.1,-17,2023
269,3,2023-04-22,WC1,LAL,MEM,3,W (+10),1,36:00:00,10,20,0.5,0,4,0,5,7,0.714,2,7,9,5,1,1,3,3,25,18.7,-6,2023
270,4,2023-04-24,WC1,LAL,MEM,4,W (+6),1,45:28:00,8,18,0.444,1,7,0.143,5,7,0.714,5,15,20,7,0,2,1,3,22,23.9,8,2023
271,5,2023-04-26,WC1,LAL,MEM,5,L (-17),1,36:57:00,5,17,0.294,1,9,0.111,4,6,0.667,2,8,10,5,1,1,5,1,15,7.9,-1,2023
272,6,2023-04-28,WC1,LAL,MEM,6,W (+40),1,31:15:00,9,13,0.692,2,5,0.4,2,3,0.667,1,4,5,6,1,0,3,2,22,19.4,32,2023
273,7,2023-05-02,WCS,LAL,GSW,1,W (+5),1,40:05:00,9,24,0.375,1,8,0.125,3,4,0.75,2,9,11,4,0,3,4,0,22,13.4,1,2023
274,8,2023-05-04,WCS,LAL,GSW,2,L (-27),1,28:07:00,10,18,0.556,3,8,0.375,0,0,,0,7,7,3,1,0,0,3,23,18.4,-27,2023
275,9,2023-05-06,WCS,LAL,GSW,3,W (+30),1,32:23:00,6,11,0.545,2,4,0.5,7,8,0.875,1,7,8,8,0,1,0,0,21,24.4,26,2023
276,10,2023-05-08,WCS,LAL,GSW,4,W (+3),1,42:57:00,10,25,0.4,2,9,0.222,5,5,1,2,7,9,6,0,1,3,3,27,17.7,-8,2023
277,11,2023-05-10,WCS,LAL,GSW,5,L (-15),1,39:10:00,9,17,0.529,3,7,0.429,4,4,1,1,8,9,3,2,1,4,3,25,19.4,-16,2023
278,12,2023-05-12,WCS,LAL,GSW,6,W (+21),1,43:08:00,10,14,0.714,2,3,0.667,8,11,0.727,0,9,9,9,2,1,2,2,30,31.9,21,2023
279,13,2023-05-16,WCF,LAL,DEN,1,L (-6),1,39:52:00,9,16,0.563,0,4,0,8,11,0.727,3,9,12,9,0,1,3,1,26,25.6,-6,2023
280,14,2023-05-18,WCF,LAL,DEN,2,L (-5),1,40:08:00,9,19,0.474,0,6,0,4,4,1,0,9,9,10,4,2,3,2,22,23.6,4,2023
281,15,2023-05-20,WCF,LAL,DEN,3,L (-11),1,42:57:00,8,19,0.421,3,9,0.333,4,7,0.571,0,7,7,12,0,0,2,2,23,19.4,-4,2023
282,16,2023-05-22,WCF,LAL,DEN,4,L (-2),1,47:56:00,15,25,0.6,4,7,0.571,6,7,0.857,2,8,10,9,2,0,1,1,40,38.8,-2,2023